			Ident(voi)	Ident(voi)/LexCat	*D#	*D
			Ident(voi)	Id(voi)/LexCat	*D#	*D
tak	tak	100				
	tag		1	1	1	1
	dak		1	1		1
	dag		2	2	1	2
dak	dak	100				1
	tak		1	1		
	dag		1	1	1	2
	tag		2	2	1	1
tag	tag	100			1	1
	tak		1	1		
	dag		1	1	1	2
	dak		2	2		1
dag	dag	100			1	2
	dak		1	1		1
	tag		1	1	1	1
	tak		2	2		
-ik (adj)	-ik	100				
	-ig		1		1	1
-ig (adj, hypothetical)	-ik	0	1			
	-ig				1	1